Date,Description,Amount,Currency,Type,Source,VAT,Base,Week,Month,Year
2024-05-09,TRF. JO√O PEDRO JESUS COSTA SA,5000.0,EUR,BANK_TRANSFER,Montepio,,,19,5,2024
2024-05-11,Jose Eduardo Higino,-38.25,EUR,"Alojamento, restauração e similares",E-fatura,4.71,33.54,19,5,2024
2024-05-14,Aiel,-110.7,EUR,Outros,E-fatura,20.7,90.0,20,5,2024
2024-05-14,Aiel,-110.7,EUR,Outros,E-fatura,20.7,90.0,20,5,2024
2024-05-15,Maximino Gonzalez e Cia Lda,-72.79,EUR,"Alojamento, restauração e similares",E-fatura,8.85,63.94,20,5,2024
2024-05-15,Aiel,-307.5,EUR,Outros,E-fatura,57.5,250.0,20,5,2024
2024-05-16,Pontipercepção,-60.0,EUR,Ginásios,E-fatura,3.4,56.6,20,5,2024
2024-05-20,Flui,-60.5,EUR,Other,E-fatura,6.96,53.54,21,5,2024
2024-05-23,TR-CONNECTRSCOM LDA,5000.0,EUR,BANK_TRANSFER,Montepio,,,21,5,2024
2024-05-23,TR-ONESTAT LDA,369.0,EUR,BANK_TRANSFER,Montepio,,,21,5,2024
2024-05-26,Sushi Café Original,-45.3,EUR,"Alojamento, restauração e similares",E-fatura,5.21,40.09,21,5,2024
2024-05-27,Worten,-249.98,EUR,Other,E-fatura,46.74,203.24,22,5,2024
2024-05-27,"Fuelprime, Lda",-57.83,EUR,Outros,E-fatura,10.81,47.02,22,5,2024
2024-05-27,"TR-TRUE ODYSSEYS, UNIPESSOAL L",4424.31,EUR,BANK_TRANSFER,Montepio,,,22,5,2024
2024-05-29,Proxima Travessia II Lda,-88.0,EUR,"Alojamento, restauração e similares",E-fatura,13.0,75.0,22,5,2024
2024-05-29,Money added from WONDERBREEZE UNIPESSOAL LDA,1000.0,EUR,TOPUP,Revolut,,,22,5,2024
2024-05-30,Importante Acreditar,-135.0,EUR,"Alojamento, restauração e similares",E-fatura,15.53,119.47,22,5,2024
2024-06-01,Aiel,-307.5,EUR,Outros,E-fatura,57.5,250.0,22,6,2024
2024-06-03,TRF. JO√O PEDRO JESUS COSTA SA,-640.0,EUR,BANK_TRANSFER,Montepio,,,23,6,2024
2024-06-03,Barbara Ines Silva Gonçalves,-200.0,EUR,Outros,E-fatura,0.0,200.0,23,6,2024
2024-06-03,PAGAMENTO TSU - TRANSFER NCIA,-211.64,EUR,BANK_TRANSFER,Montepio,,,23,6,2024
2024-06-03,"Invoicexpress, Lda",-17.22,EUR,Outros,E-fatura,3.22,14.0,23,6,2024
2024-06-03,TR-ESTR-GRUPO GLOBAL SOLUCOES,3510.0,EUR,BANK_TRANSFER,Montepio,,,23,6,2024
2024-06-03,TRF. JO√O PEDRO JESUS COSTA SA,-542.05,EUR,BANK_TRANSFER,Montepio,,,23,6,2024
2024-06-06,Pontipercepção,-60.0,EUR,Ginásios,E-fatura,3.4,56.6,23,6,2024
2024-06-07,TRF. TRASH4GOODS LDA,61.5,EUR,BANK_TRANSFER,Montepio,,,23,6,2024
2024-06-07,Openai *chatgpt Subscr,-18.39,EUR,CARD_PAYMENT,Revolut,,,23,6,2024
2024-06-07,TRF.P/ BARBARA INES SILVA GONC,-200.0,EUR,BANK_TRANSFER,Montepio,,,23,6,2024
2024-06-08,I.S. COM. MAN. CTA PACOTE,-0.36,EUR,BANK_TRANSFER,Montepio,,,23,6,2024
2024-06-08,SOLUCAO E.MPREENDEDOR,-9.0,EUR,BANK_TRANSFER,Montepio,,,23,6,2024
2024-06-09,TR-IPS-Mystic Protocol,2526.84,EUR,BANK_TRANSFER,Montepio,,,23,6,2024
2024-06-11,TRF.P/ XE EUROPE BV,-1225.26,EUR,BANK_TRANSFER,Montepio,,,24,6,2024
2024-06-12,TR-Mystic Protocol,581.17,EUR,BANK_TRANSFER,Montepio,,,24,6,2024
2024-06-12,Go Daddy Netherlands E,-22.67,EUR,CARD_PAYMENT,Revolut,,,24,6,2024
2024-06-13,TRF.P/ XE EUROPE BV,-1224.11,EUR,BANK_TRANSFER,Montepio,,,24,6,2024
2024-06-16,Itinerant Century,-14.5,EUR,"Alojamento, restauração e similares",E-fatura,1.81,12.69,24,6,2024
2024-06-19,Freelancer.com,-89.42,EUR,CARD_PAYMENT,Revolut,,,25,6,2024
2024-06-20,Marquesmar,-7.3,EUR,"Alojamento, restauração e similares",E-fatura,0.84,6.46,25,6,2024
2024-06-21,TR-ONESTAT LDA,369.0,EUR,BANK_TRANSFER,Montepio,,,25,6,2024
2024-06-23,Restaurante o Fondue Lda,-32.0,EUR,Other,E-fatura,4.22,27.78,25,6,2024
2024-06-26,PSC-A I EMPREEN -SEPACT,307.5,EUR,BANK_TRANSFER,Montepio,,,26,6,2024
2024-06-27,Twilio.com,-140.24,EUR,CARD_PAYMENT,Revolut,,,26,6,2024
2024-06-27,TRF.P/ XE EUROPE BV,-350.0,EUR,BANK_TRANSFER,Montepio,,,26,6,2024
2024-06-27,TRF.P/ XE EUROPE BV,-250.0,EUR,BANK_TRANSFER,Montepio,,,26,6,2024
2024-06-28,TRF. JOAO PEDRO JESUS COSTA SA,-729.8,EUR,BANK_TRANSFER,Montepio,,,26,6,2024
2024-06-29,Nkv,-103.0,EUR,Other,E-fatura,12.93,90.07,26,6,2024
2024-06-30,R C Sanches II Lda,-11.6,EUR,Other,E-fatura,1.33,10.27,26,6,2024
2024-06-30,TR-IPS-Mystic Protocol,8260.43,EUR,BANK_TRANSFER,Montepio,,,26,6,2024
2024-06-30,Caixa Economica Montepio Geral,-9.36,EUR,Other,E-fatura,0.0,9.0,26,6,2024
2024-07-01,Case Software Solucoes Informaticas Lda,-215.25,EUR,Outros,E-fatura,40.25,175.0,27,7,2024
2024-07-01,Desfila Pinguim Lda,-10.0,EUR,"Alojamento, restauração e similares",E-fatura,1.16,8.84,27,7,2024
2024-07-01,Aiel,-307.5,EUR,Outros,E-fatura,57.5,250.0,27,7,2024
2024-07-02,TRF.IPS P/ BANK OF AMERICA EU,-613.2,EUR,BANK_TRANSFER,Montepio,,,27,7,2024
2024-07-02,Google *ads7694751896,-209.66,EUR,CARD_PAYMENT,Revolut,,,27,7,2024
2024-07-02,TRF.P/ XE EUROPE BV,-1223.18,EUR,BANK_TRANSFER,Montepio,,,27,7,2024
2024-07-02,Restaurante Imperial de Ourique Lda,-53.7,EUR,"Alojamento, restauração e similares",E-fatura,6.58,47.12,27,7,2024
2024-07-03,TR-IPS-Mystic Protocol,531.36,EUR,BANK_TRANSFER,Montepio,,,27,7,2024
2024-07-03,TR-IPS-Mystic Protocol,21.0,EUR,BANK_TRANSFER,Montepio,,,27,7,2024
2024-07-03,Worten,-51.97,EUR,Other,E-fatura,9.72,42.25,27,7,2024
2024-07-03,"Invoicexpress, Lda",-17.22,EUR,Outros,E-fatura,3.22,14.0,27,7,2024
2024-07-03,Money added from WONDERBREEZE UNIPESSOAL LDA,2000.0,EUR,TOPUP,Revolut,,,27,7,2024
2024-07-04,Main · EUR → Bitcoin · BTC,-200.0,EUR,EXCHANGE,Revolut,,,27,7,2024
2024-07-04,ORD.PAG. SEPA 7425312404302,-1649.53,EUR,BANK_TRANSFER,Montepio,,,27,7,2024
2024-07-04,TRF. TRASH4GOODS LDA,123.0,EUR,BANK_TRANSFER,Montepio,,,27,7,2024
2024-07-06,TRF.P/ XE EUROPE BV,-572.1,EUR,BANK_TRANSFER,Montepio,,,27,7,2024
2024-07-06,TRF.P/ XE EUROPE BV,-2410.59,EUR,BANK_TRANSFER,Montepio,,,27,7,2024
2024-07-06,TRF.P/ XE EUROPE BV,-40.08,EUR,BANK_TRANSFER,Montepio,,,27,7,2024
2024-07-07,Openai *chatgpt Subscr,-18.47,EUR,CARD_PAYMENT,Revolut,,,27,7,2024
2024-07-08,Pontipercepção,-60.0,EUR,Ginásios,E-fatura,3.4,56.6,28,7,2024
2024-07-08,I.S. COM. MAN. CTA PACOTE,-0.36,EUR,BANK_TRANSFER,Montepio,,,28,7,2024
2024-07-08,SOLU«√O E.MPREENDEDOR,-9.0,EUR,BANK_TRANSFER,Montepio,,,28,7,2024
2024-07-08,TR-ONESTAT LDA,369.0,EUR,BANK_TRANSFER,Montepio,,,28,7,2024
2024-07-09,Carlos Anton Conde Unipessoal Lda,-13.9,EUR,Other,E-fatura,1.6,12.3,28,7,2024
2024-07-10,Brito Cortes e Campos Lda,-20.0,EUR,"Alojamento, restauração e similares",E-fatura,2.55,17.45,28,7,2024
2024-07-10,R C Sanches II Lda,-8.95,EUR,Other,E-fatura,1.03,7.92,28,7,2024
2024-07-11,O Tripeiro,-10.0,EUR,CARD_PAYMENT,Revolut,,,28,7,2024
2024-07-11,"O João do Peixe, Lda",-32.8,EUR,Other,E-fatura,3.77,29.03,28,7,2024
2024-07-11,Marquesmar,-12.0,EUR,"Alojamento, restauração e similares",E-fatura,1.38,10.62,28,7,2024
2024-07-11,Brito Cortes e Campos Lda,-40.0,EUR,"Alojamento, restauração e similares",E-fatura,5.11,34.89,28,7,2024
2024-07-12,O Tripeiro,-10.0,EUR,CARD_PAYMENT,Revolut,,,28,7,2024
2024-07-12,Desfila Pinguim Lda,-12.4,EUR,"Alojamento, restauração e similares",E-fatura,1.44,10.96,28,7,2024
2024-07-12,Marquesmar,-2.3,EUR,"Alojamento, restauração e similares",E-fatura,0.26,2.04,28,7,2024
2024-07-13,Google *ads7694751896,-350.0,EUR,CARD_PAYMENT,Revolut,,,28,7,2024
2024-07-13,Anacatamar Refeições Rapidas Lda,-4.4,EUR,Other,E-fatura,0.51,3.89,28,7,2024
2024-07-13,Itinerant Century,-14.5,EUR,"Alojamento, restauração e similares",E-fatura,1.81,12.69,28,7,2024
2024-07-13,PAGAMENTO TSU - TRANSFER NCIA,-284.95,EUR,BANK_TRANSFER,Montepio,,,28,7,2024
2024-07-13,Sabor a Canela,-13.2,EUR,Other,E-fatura,1.53,11.67,28,7,2024
2024-07-13,Worten,-23.99,EUR,Other,E-fatura,4.49,19.5,28,7,2024
2024-07-13,Worten,-19.99,EUR,Other,E-fatura,3.74,16.25,28,7,2024
2024-07-13,R C Sanches II Lda,-77.1,EUR,Other,E-fatura,8.88,68.22,28,7,2024
2024-07-14,"Words Combined, Lda",-11.9,EUR,Other,E-fatura,1.37,10.53,28,7,2024
2024-07-15,"TR-TRUE ODYSSEYS, UNIPESSOAL L",2949.54,EUR,BANK_TRANSFER,Montepio,,,29,7,2024
2024-07-17,Restaurante Verde Minho Lda,-25.1,EUR,"Alojamento, restauração e similares",E-fatura,3.12,21.98,29,7,2024
2024-07-18,"H3 Portugal, S.A.",-9.95,EUR,"Alojamento, restauração e similares",E-fatura,1.14,8.81,29,7,2024
2024-07-18,TRF.P/ CASA SOFTWARE SOLUCOES,-215.25,EUR,BANK_TRANSFER,Montepio,,,29,7,2024
2024-07-19,Brito Cortes e Campos Lda,-10.0,EUR,"Alojamento, restauração e similares",E-fatura,1.3,8.7,29,7,2024
2024-07-20,Farol Imaginario,-88.25,EUR,Other,E-fatura,10.87,77.38,29,7,2024
2024-07-22,Restaurante O Farol,-25.0,EUR,CARD_PAYMENT,Revolut,,,30,7,2024
2024-07-24,Google *ads7694751896,-500.0,EUR,CARD_PAYMENT,Revolut,,,30,7,2024
2024-07-24,Freelancer.com,-102.65,EUR,CARD_PAYMENT,Revolut,,,30,7,2024
2024-07-24,Purple Bravery,-17.0,EUR,Other,E-fatura,1.96,15.04,30,7,2024
2024-07-28,Margarida Baião Figueira Lopes Godinho,-144.0,EUR,Outros,E-fatura,0.0,144.0,30,7,2024
2024-07-29,Saramed Importacao e Exportacao Lda,-7072.5,EUR,Outros,E-fatura,1322.5,5750.0,31,7,2024
2024-07-29,Pedro Alexandre Barreiros Nunes Rodrigues,-50.43,EUR,Other,E-fatura,9.43,41.0,31,7,2024
2024-07-29,Itinerant Century,-24.5,EUR,"Alojamento, restauração e similares",E-fatura,2.96,21.54,31,7,2024
2024-07-30,Lusitania,-261.02,EUR,Outros,E-fatura,0.0,261.02,31,7,2024
2024-07-30,TR-AGENCIA A FUNERARIA DE COIM,92.25,EUR,BANK_TRANSFER,Montepio,,,31,7,2024
2024-07-31,TRF. JO√O PEDRO JESUS COSTA SA,-729.8,EUR,BANK_TRANSFER,Montepio,,,31,7,2024
2024-07-31,Caixa Economica Montepio Geral,-9.36,EUR,Other,E-fatura,0.0,9.0,31,7,2024
2024-08-01,Google *ads7694751896,-10.0,EUR,CARD_PAYMENT,Revolut,,,31,8,2024
2024-08-01,Aiel,-369.0,EUR,Outros,E-fatura,69.0,300.0,31,8,2024
2024-08-02,"Bizay, S.A.",-21.72,EUR,Outros,E-fatura,4.06,17.66,31,8,2024
2024-08-02,Google *ads7694751896,-15.49,EUR,CARD_PAYMENT,Revolut,,,31,8,2024
2024-08-02,Google *ads7694751896,-220.45,EUR,CARD_PAYMENT,Revolut,,,31,8,2024
2024-08-03,"Invoicexpress, Lda",-17.22,EUR,Outros,E-fatura,3.22,14.0,31,8,2024
2024-08-03,Google *ads7694751896,-50.0,EUR,CARD_PAYMENT,Revolut,,,31,8,2024
2024-08-05,TRF.P/ XE EUROPE BV,-607.0,EUR,BANK_TRANSFER,Montepio,,,32,8,2024
2024-08-05,TRF.P/ XE EUROPE BV,-607.0,EUR,BANK_TRANSFER,Montepio,,,32,8,2024
2024-08-05,TR-CONNECTRSCOM LDA,1586.84,EUR,BANK_TRANSFER,Montepio,,,32,8,2024
2024-08-05,TRF.P/ XE EUROPE BV,-1016.64,EUR,BANK_TRANSFER,Montepio,,,32,8,2024
2024-08-05,TR-IPS-Mystic Protocol,6351.57,EUR,BANK_TRANSFER,Montepio,,,32,8,2024
2024-08-05,TRF. TRASH4GOODS LDA,61.5,EUR,BANK_TRANSFER,Montepio,,,32,8,2024
2024-08-05,TRF.P/ XE EUROPE BV,-369.0,EUR,BANK_TRANSFER,Montepio,,,32,8,2024
2024-08-05,ORD.PAG. SEPA 7425312435983,-1646.0,EUR,BANK_TRANSFER,Montepio,,,32,8,2024
2024-08-07,COM.ENTR.CARTÃO NO BALCÃO 6183,-10.0,EUR,BANK_TRANSFER,Montepio,,,32,8,2024
2024-08-07,IVA,-2.3,EUR,BANK_TRANSFER,Montepio,,,32,8,2024
2024-08-07,Openai *chatgpt Subscr,-18.3,EUR,CARD_PAYMENT,Revolut,,,32,8,2024
2024-08-07,TR-ONESTAT LDA,369.0,EUR,BANK_TRANSFER,Montepio,,,32,8,2024
2024-08-08,João Marcos Marques,-17.9,EUR,Other,E-fatura,2.06,15.84,32,8,2024
2024-08-08,TRF.P/ BANK OF AMERICA EUROPE,-1019.18,EUR,BANK_TRANSFER,Montepio,,,32,8,2024
2024-08-08,I.S. COM. MAN. CTA PACOTE,-0.36,EUR,BANK_TRANSFER,Montepio,,,32,8,2024
2024-08-08,SOLUÇÃO E.MPREENDEDOR,-9.0,EUR,BANK_TRANSFER,Montepio,,,32,8,2024
2024-08-08,Comer Natural Unipessoal Lda,-33.8,EUR,Other,E-fatura,4.68,29.12,32,8,2024
2024-08-09,PAG.SERV. 11796 263125070,-55.3,EUR,BANK_TRANSFER,Montepio,,,32,8,2024
2024-08-09,Google *ads7694751896,-200.0,EUR,CARD_PAYMENT,Revolut,,,32,8,2024
2024-08-11,PAGAMENTO TSU - TRANSFERÊNCIA,-284.95,EUR,BANK_TRANSFER,Montepio,,,32,8,2024
2024-08-11,Carla Alexandra de Jesus Damaso,-98.3,EUR,"Alojamento, restauração e similares",E-fatura,13.04,85.26,32,8,2024
2024-08-12,R C Sanches II Lda,-12.0,EUR,Other,E-fatura,1.38,10.62,33,8,2024
2024-08-13,TR-ESTR-GRUPO GLOBAL SOLUCOES,1755.0,EUR,BANK_TRANSFER,Montepio,,,33,8,2024
2024-08-13,Jianxin Yao,-27.7,EUR,"Alojamento, restauração e similares",E-fatura,3.42,24.28,33,8,2024
2024-08-13,Propel Produtos Petroleo Lda,-25.0,EUR,Other,E-fatura,4.67,20.33,33,8,2024
2024-08-14,Receita Saloia,-26.3,EUR,"Alojamento, restauração e similares",E-fatura,3.13,23.17,33,8,2024
2024-08-14,"Fuelprime, Lda",-20.0,EUR,Outros,E-fatura,3.74,16.26,33,8,2024
2024-08-14,Albino Macedo e Filhos Lda,-65.61,EUR,Outros,E-fatura,12.27,53.34,33,8,2024
2024-08-15,PAG. NET24 DUC 162512468424506,-2383.75,EUR,BANK_TRANSFER,Montepio,,,33,8,2024
2024-08-15,TRF. ASSOCIAÇÃO EMPREENDEDORIS,-369.0,EUR,BANK_TRANSFER,Montepio,,,33,8,2024
2024-08-18,"O João do Peixe, Lda",-68.6,EUR,Other,E-fatura,8.14,60.46,33,8,2024
2024-08-18,Finnair,-462.05,EUR,CARD_PAYMENT,Revolut,,,33,8,2024
2024-08-20,Auchan Energy S A,-20.0,EUR,Outros,E-fatura,3.74,16.26,34,8,2024
2024-08-21,"Dronline, Unipessoal Lda",-39.0,EUR,Saúde,E-fatura,0.0,39.0,34,8,2024
2024-08-21,Carlos Anton Conde Unipessoal Lda,-13.9,EUR,Other,E-fatura,1.6,12.3,34,8,2024
2024-08-22,Money added from WONDERBREEZE UNIPESSOAL LDA,1000.0,EUR,TOPUP,Revolut,,,34,8,2024
2024-08-23,Churrasqueira Central Oliveira Hospital Lda,-24.7,EUR,"Alojamento, restauração e similares",E-fatura,3.06,21.64,34,8,2024
2024-08-23,Google *ads7694751896,-350.0,EUR,CARD_PAYMENT,Revolut,,,34,8,2024
2024-08-24,Restaurante Varandas Verdes Lda,-84.7,EUR,"Alojamento, restauração e similares",E-fatura,10.26,74.44,34,8,2024
2024-08-26,TR-POLTAPP SERVICOS DE INFORM,184.5,EUR,BANK_TRANSFER,Montepio,,,35,8,2024
2024-08-27,Tiberio Cabral Herd Lda,-54.6,EUR,Other,E-fatura,10.21,44.39,35,8,2024
2024-08-28,TRF. JOÃO PEDRO JESUS COSTA SA,-729.8,EUR,BANK_TRANSFER,Montepio,,,35,8,2024
2024-08-28,Vialivre S A,-0.96,EUR,Outros,E-fatura,0.18,0.78,35,8,2024
2024-08-28,"Infraestruturas de Portugal, S.A.",-5.0,EUR,Other,E-fatura,0.93,4.07,35,8,2024
2024-08-28,"O João do Peixe, Lda",-63.12,EUR,Other,E-fatura,7.59,55.53,35,8,2024
2024-08-29,"Fuelprime, Lda",-19.02,EUR,Outros,E-fatura,3.56,15.46,35,8,2024
2024-08-30,TRF.P/ XE EUROPE BV,-400.0,EUR,BANK_TRANSFER,Montepio,,,35,8,2024
2024-08-30,TRF.P/ XE EUROPE BV,-274.88,EUR,BANK_TRANSFER,Montepio,,,35,8,2024
2024-08-31,Caixa Economica Montepio Geral,-21.66,EUR,Other,E-fatura,2.3,19.0,35,8,2024
2024-09-01,Aiel,-110.7,EUR,Outros,E-fatura,20.7,90.0,35,9,2024
2024-09-02,Google *ads7694751896,-143.38,EUR,CARD_PAYMENT,Revolut,,,36,9,2024
2024-09-02,Desfila Pinguim Lda,-10.2,EUR,"Alojamento, restauração e similares",E-fatura,1.19,9.01,36,9,2024
2024-09-02,Fun Display Lda,-576.0,EUR,Outros,E-fatura,107.71,468.29,36,9,2024
2024-09-03,"Invoicexpress, Lda",-17.22,EUR,Outros,E-fatura,3.22,14.0,36,9,2024
2024-09-03,"H3 Portugal, S.A.",-9.95,EUR,"Alojamento, restauração e similares",E-fatura,1.14,8.81,36,9,2024
2024-09-04,TR-IPS-Mystic Protocol,4688.02,EUR,BANK_TRANSFER,Montepio,,,36,9,2024
2024-09-05,"Atalhos D'Alma, Lda",-36.2,EUR,Other,E-fatura,4.6,31.6,36,9,2024
2024-09-06,Maximino Gonzalez e Cia Lda,-72.0,EUR,"Alojamento, restauração e similares",E-fatura,10.44,61.56,36,9,2024
2024-09-06,TRF. ASSOCIAÇÃO EMPREENDEDORIS,-110.7,EUR,BANK_TRANSFER,Montepio,,,36,9,2024
2024-09-06,ORD.PAG. SEPA 7425312467162,-1028.0,EUR,BANK_TRANSFER,Montepio,,,36,9,2024
2024-09-06,TRF.P/ XE EUROPE BV,-182.8,EUR,BANK_TRANSFER,Montepio,,,36,9,2024
2024-09-06,TRF.P/ XE EUROPE BV,-593.72,EUR,BANK_TRANSFER,Montepio,,,36,9,2024
2024-09-06,TRF.P/ XE EUROPE BV,-1002.73,EUR,BANK_TRANSFER,Montepio,,,36,9,2024
2024-09-06,Petroprime Lda,-20.0,EUR,Outros,E-fatura,3.74,16.26,36,9,2024
2024-09-06,TRF. ANA RITA JESUS COSTA SANT,-200.0,EUR,BANK_TRANSFER,Montepio,,,36,9,2024
2024-09-07,Openai *chatgpt Subscr,-18.03,EUR,CARD_PAYMENT,Revolut,,,36,9,2024
2024-09-08,SOLUÇÃO E.MPREENDEDOR,-9.0,EUR,BANK_TRANSFER,Montepio,,,36,9,2024
2024-09-08,I.S. COM. MAN. CTA PACOTE,-0.36,EUR,BANK_TRANSFER,Montepio,,,36,9,2024
2024-09-10,PAGAMENTO TSU - TRANSFERÊNCIA,-284.95,EUR,BANK_TRANSFER,Montepio,,,37,9,2024
2024-09-10,TR-POLTAPP SERVICOS DE INFORM,61.5,EUR,BANK_TRANSFER,Montepio,,,37,9,2024
2024-09-12,Marquesmar,-7.95,EUR,"Alojamento, restauração e similares",E-fatura,1.02,6.93,37,9,2024
2024-09-12,"Fuelprime, Lda",-65.6,EUR,Outros,E-fatura,12.27,53.33,37,9,2024
2024-09-13,Ponte 25 De Abril,-2.1,EUR,CARD_PAYMENT,Revolut,,,37,9,2024
2024-09-14,"Auchan Retail Portugal, S.A.",-29.99,EUR,Other,E-fatura,5.61,24.38,37,9,2024
2024-09-17,Main · EUR → singapore · SGD,-300.0,EUR,EXCHANGE,Revolut,,,38,9,2024
2024-09-17,Dias e Mouta Lda,-57.05,EUR,"Alojamento, restauração e similares",E-fatura,6.56,50.49,38,9,2024
2024-09-19,Main · EUR → singapore · SGD,-250.0,EUR,EXCHANGE,Revolut,,,38,9,2024
2024-09-19,Hapicafe.sg,-3.47,EUR,CARD_PAYMENT,Revolut,,,38,9,2024
2024-09-19,Hapicafe.sg,-3.62,EUR,CARD_PAYMENT,Revolut,,,38,9,2024
2024-09-19,Net*nic & Tom Eatery,-10.49,EUR,CARD_PAYMENT,Revolut,,,38,9,2024
2024-09-19,Fivr Hel T2ns General Sto,-5.5,EUR,CARD_PAYMENT,Revolut,,,38,9,2024
2024-09-20,Kopitiam @ Lau Pa Sat,-2.44,EUR,CARD_PAYMENT,Revolut,,,38,9,2024
2024-09-20,Kopitiam @ Lau Pa Sat,-4.1,EUR,CARD_PAYMENT,Revolut,,,38,9,2024
2024-09-20,Starbucks@city House(cu),-2.71,EUR,CARD_PAYMENT,Revolut,,,38,9,2024
2024-09-22,Bus/mrt 505204665,-2.07,EUR,CARD_PAYMENT,Revolut,,,38,9,2024
2024-09-22,"Auto Transportes do Fundão, S.A.",-49.14,EUR,Other,E-fatura,9.19,39.95,38,9,2024
2024-09-23,TR-ONESTAT LDA,369.0,EUR,BANK_TRANSFER,Montepio,,,39,9,2024
2024-09-23,TRF. TRASH4GOODS LDA,61.5,EUR,BANK_TRANSFER,Montepio,,,39,9,2024
2024-09-23,TRF.P/ CONNECTRSCOM LDA,-3000.0,EUR,BANK_TRANSFER,Montepio,,,39,9,2024
2024-09-24,Money added from WONDERBREEZE UNIPESSOAL LDA,1000.0,EUR,TOPUP,Revolut,,,39,9,2024
2024-09-24,To João Santos,-500.0,EUR,TRANSFER,Revolut,,,39,9,2024
2024-09-26,"O João do Peixe, Lda",-60.54,EUR,Other,E-fatura,7.53,53.01,39,9,2024
2024-09-26,Www.hostelworld.com,-21.58,EUR,CARD_PAYMENT,Revolut,,,39,9,2024
2024-09-26,Grab* A-6uhaulcwwfs2,-0.92,EUR,CARD_PAYMENT,Revolut,,,39,9,2024
2024-09-27,Grab* A-6ultlvvgwih8,-0.92,EUR,CARD_PAYMENT,Revolut,,,39,9,2024
2024-09-27,Grab* A-6umjfjvgwg6j,-0.98,EUR,CARD_PAYMENT,Revolut,,,39,9,2024
2024-09-28,Pondok Lulik Homestay Mbl,-117.51,EUR,CARD_PAYMENT,Revolut,,,39,9,2024
2024-09-28,Grab* A-6us98h4gwikl,-1.22,EUR,CARD_PAYMENT,Revolut,,,39,9,2024
2024-09-29,Airalo,-7.5,EUR,CARD_PAYMENT,Revolut,,,39,9,2024
2024-09-30,Caixa Economica Montepio Geral,-9.36,EUR,Other,E-fatura,0.0,9.0,40,9,2024
2024-09-30,Cash at Pb Pantai Batu Bolong,-32.58,EUR,ATM,Revolut,,,40,9,2024
2024-09-30,Grab* A-6vwfrbbwwio7,-0.53,EUR,CARD_PAYMENT,Revolut,,,40,9,2024
2024-09-30,Grab* A-6vw9qcgwwj6u,-0.74,EUR,CARD_PAYMENT,Revolut,,,40,9,2024
2024-09-30,Grab* A-6v2i4b9gwjjv,-0.56,EUR,CARD_PAYMENT,Revolut,,,40,9,2024
2024-09-30,Grab* A-6vxrd59wwfhl,-1.04,EUR,CARD_PAYMENT,Revolut,,,40,9,2024
2024-09-30,TRF. JOÃO PEDRO JESUS COSTA SA,-729.8,EUR,BANK_TRANSFER,Montepio,,,40,9,2024
2024-09-30,Bubblevel,-47.99,EUR,Outros,E-fatura,8.97,39.02,40,9,2024
2024-09-30,Mundo Note,-4.99,EUR,Other,E-fatura,0.93,4.06,40,9,2024
2024-10-01,Aiel,-110.7,EUR,Outros,E-fatura,20.7,90.0,40,10,2024
2024-10-02,Case Software Solucoes Informaticas Lda,-215.25,EUR,Outros,E-fatura,40.25,175.0,40,10,2024
2024-10-02,Airalo,-10.5,EUR,CARD_PAYMENT,Revolut,,,40,10,2024
2024-10-03,"Invoicexpress, Lda",-17.22,EUR,Outros,E-fatura,3.22,14.0,40,10,2024
2024-10-03,Grab* A-6vglvc2wwgp6,-0.93,EUR,CARD_PAYMENT,Revolut,,,40,10,2024
2024-10-03,Grab* A-6vgbxiawwg9k,-11.03,EUR,CARD_PAYMENT,Revolut,,,40,10,2024
2024-10-04,Worten,-18.99,EUR,Other,E-fatura,3.55,15.44,40,10,2024
2024-10-04,Grab* A-6vi7b93wweml,-8.05,EUR,CARD_PAYMENT,Revolut,,,40,10,2024
2024-10-05,Albino Macedo e Filhos Lda,-28.18,EUR,Outros,E-fatura,5.27,22.91,40,10,2024
2024-10-05,Grab* A-6voqx9owwhet,-38.96,EUR,CARD_PAYMENT,Revolut,,,40,10,2024
2024-10-05,Grab* A-6vmdmswgwfgs,-1.21,EUR,CARD_PAYMENT,Revolut,,,40,10,2024
2024-10-05,Grab* A-6vm66bggwjuf,-1.09,EUR,CARD_PAYMENT,Revolut,,,40,10,2024
2024-10-06,TR-IPS-Mystic Protocol,3503.83,EUR,BANK_TRANSFER,Montepio,,,40,10,2024
2024-10-07,Openai *chatgpt Subscr,-18.25,EUR,CARD_PAYMENT,Revolut,,,41,10,2024
2024-10-08,TRF. ASSOCIAÇÃO EMPREENDEDORIS,-110.7,EUR,BANK_TRANSFER,Montepio,,,41,10,2024
2024-10-08,TRF.P/ BANK OF AMERICA EUROPE,-600.41,EUR,BANK_TRANSFER,Montepio,,,41,10,2024
2024-10-08,PAGAMENTO TSU - TRANSFERÊNCIA,-284.95,EUR,BANK_TRANSFER,Montepio,,,41,10,2024
2024-10-08,TRF.P/ BANK OF AMERICA EUROPE,-369.41,EUR,BANK_TRANSFER,Montepio,,,41,10,2024
2024-10-08,TRF.P/ BANK OF AMERICA EUROPE,-1704.85,EUR,BANK_TRANSFER,Montepio,,,41,10,2024
2024-10-08,I.S. COM. MAN. CTA PACOTE,-0.36,EUR,BANK_TRANSFER,Montepio,,,41,10,2024
2024-10-08,TRF.P/ BANK OF AMERICA EUROPE,-369.38,EUR,BANK_TRANSFER,Montepio,,,41,10,2024
2024-10-08,SOLUÇÃO E.MPREENDEDOR,-9.0,EUR,BANK_TRANSFER,Montepio,,,41,10,2024
2024-10-09,Booking.com,-32.57,EUR,CARD_PAYMENT,Revolut,,,41,10,2024
2024-10-11,"Cursor, Ai Powered Ide",-18.3,EUR,CARD_PAYMENT,Revolut,,,41,10,2024
2024-10-12,Solsticio Na Baia Lda,-51.3,EUR,"Alojamento, restauração e similares",E-fatura,6.41,44.89,41,10,2024
2024-10-14,TRF. MUTABLE POTENTIAL - LDA,409.59,EUR,BANK_TRANSFER,Montepio,,,42,10,2024
2024-10-14,Booking.com,-46.54,EUR,CARD_PAYMENT,Revolut,,,42,10,2024
2024-10-14,Booking.com,-5.36,EUR,CARD_PAYMENT,Revolut,,,42,10,2024
2024-10-14,Airalo,-7.5,EUR,CARD_PAYMENT,Revolut,,,42,10,2024
2024-10-15,PAG. NET24 DUC 156380646323415,-10.25,EUR,BANK_TRANSFER,Montepio,,,42,10,2024
2024-10-15,Twilio.com,-91.53,EUR,CARD_PAYMENT,Revolut,,,42,10,2024
2024-10-16,TR-LUIS MARCAL CORREIA DEYRIEU,61.5,EUR,BANK_TRANSFER,Montepio,,,42,10,2024
2024-10-17,"TR-TRUE ODYSSEYS, UNIPESSOAL L",4424.31,EUR,BANK_TRANSFER,Montepio,,,42,10,2024
2024-10-17,Openai,-13.81,EUR,CARD_PAYMENT,Revolut,,,42,10,2024
2024-10-18,Grab* A-7xdigaigwi96,-3.29,EUR,CARD_PAYMENT,Revolut,,,42,10,2024
2024-10-18,TR-ONESTAT LDA,369.0,EUR,BANK_TRANSFER,Montepio,,,42,10,2024
2024-10-19,Grab Rides-ec,-0.67,EUR,CARD_PAYMENT,Revolut,,,42,10,2024
2024-10-19,Grab Rides-ec,-2.21,EUR,CARD_PAYMENT,Revolut,,,42,10,2024
2024-10-20,TRF.P/ CASA SOFTWARE SOLUCOES,-215.25,EUR,BANK_TRANSFER,Montepio,,,42,10,2024
2024-10-20,From JOAO PEDRO JESUS COSTA SANTOS,100.0,EUR,TRANSFER,Revolut,,,42,10,2024
2024-10-20,Grab Rides-ec,-2.21,EUR,CARD_PAYMENT,Revolut,,,42,10,2024
2024-10-21,Money added from WONDERBREEZE UNIPESSOAL LDA,1000.0,EUR,TOPUP,Revolut,,,43,10,2024
2024-10-21,Albino Macedo e Filhos Lda,-46.3,EUR,Outros,E-fatura,8.66,37.64,43,10,2024
2024-10-21,Grab Rides-ec,-2.65,EUR,CARD_PAYMENT,Revolut,,,43,10,2024
2024-10-21,Grab Rides-ec,-5.96,EUR,CARD_PAYMENT,Revolut,,,43,10,2024
2024-10-21,Grab Rides-ec,-0.56,EUR,CARD_PAYMENT,Revolut,,,43,10,2024
2024-10-22,Hotel At Booking.com,-45.43,EUR,CARD_PAYMENT,Revolut,,,43,10,2024
2024-10-22,Booking.com40593247292,-32.68,EUR,CARD_PAYMENT,Revolut,,,43,10,2024
2024-10-22,Grab Rides-ec,-2.21,EUR,CARD_PAYMENT,Revolut,,,43,10,2024
2024-10-24,"Fuelprime, Lda",-61.21,EUR,Outros,E-fatura,11.45,49.76,43,10,2024
2024-10-24,Main · EUR → Thai Baht · THB,-300.0,EUR,EXCHANGE,Revolut,,,43,10,2024
2024-10-24,Revolut Business fee,-10.0,EUR,FEE,Revolut,,,43,10,2024
2024-10-24,Grab Rides-ec,-1.98,EUR,CARD_PAYMENT,Revolut,,,43,10,2024
2024-10-24,Main · EUR → Thai Baht · THB,-100.0,EUR,EXCHANGE,Revolut,,,43,10,2024
2024-10-25,Grab Rides-ec,-1.99,EUR,CARD_PAYMENT,Revolut,,,43,10,2024
2024-10-25,Grab Rides-ec,-14.27,EUR,CARD_PAYMENT,Revolut,,,43,10,2024
2024-10-29,Arnaldo Leal & Jose Veiga Lda,-869.02,EUR,Manutenção e reparação de veículos automóveis,E-fatura,162.5,706.52,44,10,2024
2024-10-29,"Fuelprime, Lda",-69.2,EUR,Outros,E-fatura,12.94,56.26,44,10,2024
2024-10-30,Main · EUR → Thai Baht · THB,-500.0,EUR,EXCHANGE,Revolut,,,44,10,2024
2024-10-31,Caixa Economica Montepio Geral,-9.36,EUR,Other,E-fatura,0.0,9.0,44,10,2024
2024-11-01,Aiel,-110.7,EUR,Outros,E-fatura,20.7,90.0,44,11,2024
2024-11-02,Main · EUR → Thai Baht · THB,-87.53,EUR,EXCHANGE,Revolut,,,44,11,2024
2024-11-03,"Invoicexpress, Lda",-17.22,EUR,Outros,E-fatura,3.22,14.0,44,11,2024
2024-11-03,Restaurante Juvenal & Santos Lda,-38.0,EUR,"Alojamento, restauração e similares",E-fatura,4.37,33.63,44,11,2024
2024-11-03,Petrolmor Lda,-43.34,EUR,Outros,E-fatura,8.1,35.24,44,11,2024
2024-11-03,Restaurante Juvenal & Santos Lda,-72.75,EUR,"Alojamento, restauração e similares",E-fatura,9.09,63.66,44,11,2024
2024-11-04,From JOAO PEDRO JESUS COSTA SANTOS,150.0,EUR,TRANSFER,Revolut,,,45,11,2024
2024-11-04,TRF. JOÃO PEDRO JESUS COSTA SA,-729.8,EUR,BANK_TRANSFER,Montepio,,,45,11,2024
2024-11-04,TR-IPS-Mystic Protocol,11000.0,EUR,BANK_TRANSFER,Montepio,,,45,11,2024
2024-11-05,Hortelã Vaidosa Lda,-4.6,EUR,Other,E-fatura,0.53,4.07,45,11,2024
2024-11-05,TRF.P/ XE EUROPE BV,-928.16,EUR,BANK_TRANSFER,Montepio,,,45,11,2024
2024-11-06,TRF.P/ XE EUROPE BV,-403.02,EUR,BANK_TRANSFER,Montepio,,,45,11,2024
2024-11-06,TRF.P/ XE EUROPE BV,-605.21,EUR,BANK_TRANSFER,Montepio,,,45,11,2024
2024-11-06,TRF.P/ XE EUROPE BV,-1882.0,EUR,BANK_TRANSFER,Montepio,,,45,11,2024
2024-11-06,TRF.P/ XE EUROPE BV,-372.37,EUR,BANK_TRANSFER,Montepio,,,45,11,2024
2024-11-06,TRF.P/ XE EUROPE BV,-378.72,EUR,BANK_TRANSFER,Montepio,,,45,11,2024
2024-11-07,Canhao e Calado Lda,-44.51,EUR,"Alojamento, restauração e similares",E-fatura,2.52,41.99,45,11,2024
2024-11-07,Apple.com/pt,-99.0,EUR,CARD_PAYMENT,Revolut,,,45,11,2024
2024-11-07,Mina & Neesha Lda,-72.54,EUR,Other,E-fatura,8.77,63.77,45,11,2024
2024-11-08,I.S. COM. MAN. CTA PACOTE,-0.36,EUR,BANK_TRANSFER,Montepio,,,45,11,2024
2024-11-08,SOLUÇÃO E.MPREENDEDOR,-9.0,EUR,BANK_TRANSFER,Montepio,,,45,11,2024
2024-11-08,Money added from WONDERBREEZE UNIPESSOAL LDA,1500.0,EUR,TOPUP,Revolut,,,45,11,2024
2024-11-09,Flights On Booking.com,-230.88,EUR,CARD_PAYMENT,Revolut,,,45,11,2024
2024-11-10,Cash at Bangkok Bank,-142.47,EUR,ATM,Revolut,,,45,11,2024
2024-11-10,PAG. NET24 DUC 162612479502821,-4019.75,EUR,BANK_TRANSFER,Montepio,,,45,11,2024
2024-11-10,TRF. ASSOCIAÇÃO EMPREENDEDORIS,-110.7,EUR,BANK_TRANSFER,Montepio,,,45,11,2024
2024-11-10,Ikea Portugal Moveis e Decoração Lda,-236.99,EUR,Other,E-fatura,44.3,192.69,45,11,2024
2024-11-10,"Cursor, Ai Powered Ide",-18.68,EUR,CARD_PAYMENT,Revolut,,,45,11,2024
2024-11-10,PAGAMENTO TSU - TRANSFERÊNCIA,-284.95,EUR,BANK_TRANSFER,Montepio,,,45,11,2024
2024-11-10,Www.e-buy.com,-197.18,EUR,CARD_PAYMENT,Revolut,,,45,11,2024
2024-11-11,Bcm Bricolage S A,-52.58,EUR,Outros,E-fatura,7.88,44.7,46,11,2024
2024-11-11,Staples Portugal,-7.49,EUR,Other,E-fatura,1.4,6.09,46,11,2024
2024-11-12,"Cursor, Ai Powered Ide",-18.66,EUR,CARD_PAYMENT,Revolut,,,46,11,2024
2024-11-12,TR-LUIS MARCAL CORREIA DEYRIEU,61.5,EUR,BANK_TRANSFER,Montepio,,,46,11,2024
2024-11-13,Staples Portugal,-117.68,EUR,Other,E-fatura,22.01,95.67,46,11,2024
2024-11-13,"Fuelprime, Lda",-71.08,EUR,Outros,E-fatura,13.29,57.79,46,11,2024
2024-11-14,IMP SELO OE STP,-0.24,EUR,BANK_TRANSFER,Montepio,,,46,11,2024
2024-11-14,TRF.P/ BANK OF AMERICA EUROPE,-383.91,EUR,BANK_TRANSFER,Montepio,,,46,11,2024
2024-11-14,COM OE STP,-6.0,EUR,BANK_TRANSFER,Montepio,,,46,11,2024
2024-11-14,ORD.PAG. SEPA 0395312537653,-190.14,EUR,BANK_TRANSFER,Montepio,,,46,11,2024
2024-11-15,TR-ONESTAT LDA,369.0,EUR,BANK_TRANSFER,Montepio,,,46,11,2024
2024-11-16,Name-cheap.com* Neenn0,-18.9,EUR,CARD_PAYMENT,Revolut,,,46,11,2024
2024-11-18,Covelo & Pinto Lda,-405.26,EUR,Outros,E-fatura,75.78,329.48,47,11,2024
2024-11-19,Www.grab.com,-45.44,EUR,CARD_PAYMENT,Revolut,,,47,11,2024
2024-11-19,SP-10075206141 Via Verde DD,-2.95,EUR,BANK_TRANSFER,Montepio,,,47,11,2024
2024-11-20,SP-10075206141 Via Verde DD,-1.14,EUR,BANK_TRANSFER,Montepio,,,47,11,2024
2024-11-21,Refund from Www.e-buy.com,197.18,EUR,CARD_REFUND,Revolut,,,47,11,2024
2024-11-23,Bitcoin · BTC → Main · EUR,681.2,EUR,EXCHANGE,Revolut,,,47,11,2024
2024-11-23,Albino Macedo e Filhos Lda,-45.16,EUR,Outros,E-fatura,8.44,36.72,47,11,2024
2024-11-23,Main · EUR → Bitcoin · BTC,-347.7,EUR,EXCHANGE,Revolut,,,47,11,2024
2024-11-24,Fuelgest 24,-23.58,EUR,Other,E-fatura,4.41,19.17,47,11,2024
2024-11-24,Revolut Business fee,-10.0,EUR,FEE,Revolut,,,47,11,2024
2024-11-24,Cash at Centralfest Pattaya #1,-215.4,EUR,ATM,Revolut,,,47,11,2024
2024-11-24,Mugasa Restaurante Lda,-225.45,EUR,"Alojamento, restauração e similares",E-fatura,26.71,198.74,47,11,2024
2024-11-25,Lever Tax S L,-366.0,EUR,Outros,E-fatura,66.0,300.0,48,11,2024
2024-11-26,Openai,-14.32,EUR,CARD_PAYMENT,Revolut,,,48,11,2024
2024-11-26,SP-10075206141 Via Verde DD,-9.9,EUR,BANK_TRANSFER,Montepio,,,48,11,2024
2024-11-29,Facebk*,-2.0,EUR,CARD_PAYMENT,Revolut,,,48,11,2024
2024-11-30,Lusoponte Concessionaria Para Travessia do Tejo Sa,-2.1,EUR,Outros,E-fatura,0.12,1.98,48,11,2024
2024-11-30,Bcr,-0.85,EUR,Outros,E-fatura,0.16,0.69,48,11,2024
2024-11-30,Caixa Economica Montepio Geral,-15.6,EUR,Other,E-fatura,0.0,15.0,48,11,2024
2024-11-30,Via Verde Portugal,-1.14,EUR,Outros,E-fatura,0.21,0.93,48,11,2024
2024-12-01,Hong Kong Shimei Technolo,-34.95,EUR,CARD_PAYMENT,Revolut,,,48,12,2024
2024-12-01,Azimute Boemio- Lda,-60.3,EUR,Other,E-fatura,8.61,51.69,48,12,2024
2024-12-01,Cash at Amigo Men Clothing Store,-144.04,EUR,ATM,Revolut,,,48,12,2024
2024-12-02,TRF. MUTABLE POTENTIAL - LDA,409.59,EUR,BANK_TRANSFER,Montepio,,,49,12,2024
2024-12-02,TR-IPS-Mystic Protocol,5009.09,EUR,BANK_TRANSFER,Montepio,,,49,12,2024
2024-12-02,Facebk*,-4.78,EUR,CARD_PAYMENT,Revolut,,,49,12,2024
2024-12-03,TRF.P/ XE EUROPE BV,-350.0,EUR,BANK_TRANSFER,Montepio,,,49,12,2024
2024-12-03,TRF. JO√O PEDRO JESUS COSTA SA,-729.8,EUR,BANK_TRANSFER,Montepio,,,49,12,2024
2024-12-03,SP-10075206141 Via Verde DD,-2.95,EUR,BANK_TRANSFER,Montepio,,,49,12,2024
2024-12-03,TRF.P/ XE EUROPE BV,-748.0,EUR,BANK_TRANSFER,Montepio,,,49,12,2024
2024-12-03,TRF.P/ XE EUROPE BV,-607.0,EUR,BANK_TRANSFER,Montepio,,,49,12,2024
2024-12-03,TRF.P/ BANK OF AMERICA EUROPE,-1589.0,EUR,BANK_TRANSFER,Montepio,,,49,12,2024
2024-12-03,TRF.P/ XE EUROPE BV,-935.0,EUR,BANK_TRANSFER,Montepio,,,49,12,2024
2024-12-03,PAG. NET24 DUC 167524857895102,-35.15,EUR,BANK_TRANSFER,Montepio,,,49,12,2024
2024-12-03,Bold Root- Restauração Lda,-28.0,EUR,"Alojamento, restauração e similares",E-fatura,3.23,24.77,49,12,2024
2024-12-04,"Invoicexpress, Lda",-17.22,EUR,Outros,E-fatura,3.22,14.0,49,12,2024
2024-12-05,Name-cheap.com* Ofdpab,-3.01,EUR,CARD_PAYMENT,Revolut,,,49,12,2024
2024-12-05,Aiel,-110.7,EUR,Outros,E-fatura,20.7,90.0,49,12,2024
2024-12-05,Aiel,-110.7,EUR,Outros,E-fatura,20.7,90.0,49,12,2024
2024-12-06,Ban Nam Mao,-125.79,EUR,CARD_PAYMENT,Revolut,,,49,12,2024
2024-12-07,Hotel At Booking.com,-245.85,EUR,CARD_PAYMENT,Revolut,,,49,12,2024
2024-12-08,7-11 Pattaya Sai 2 S.1,-8.86,EUR,CARD_PAYMENT,Revolut,,,49,12,2024
2024-12-08,12go,-6.04,EUR,CARD_PAYMENT,Revolut,,,49,12,2024
2024-12-08,Xdt*bolt Support Servi,-3.57,EUR,CARD_PAYMENT,Revolut,,,49,12,2024
2024-12-08,On The Table - Mercury,-9.95,EUR,CARD_PAYMENT,Revolut,,,49,12,2024
2024-12-08,SOLU«√O E.MPREENDEDOR,-9.0,EUR,BANK_TRANSFER,Montepio,,,49,12,2024
2024-12-08,I.S. COM. MAN. CTA PACOTE,-0.36,EUR,BANK_TRANSFER,Montepio,,,49,12,2024
2024-12-08,Viber Place,-12.71,EUR,CARD_PAYMENT,Revolut,,,49,12,2024
2024-12-08,Xdt*bolt Support Servi,-3.43,EUR,CARD_PAYMENT,Revolut,,,49,12,2024
2024-12-09,"Invoicexpress, Lda",-915.12,EUR,Outros,E-fatura,171.12,744.0,50,12,2024
2024-12-09,081 Sct-siam Paragon M,-4.18,EUR,CARD_PAYMENT,Revolut,,,50,12,2024
2024-12-09,081 Sct-siam Paragon M,-6.27,EUR,CARD_PAYMENT,Revolut,,,50,12,2024
2024-12-09,7-11 Chidlom Store,-15.0,EUR,CARD_PAYMENT,Revolut,,,50,12,2024
2024-12-10,"Cursor, Ai Powered Ide",-18.94,EUR,CARD_PAYMENT,Revolut,,,50,12,2024
2024-12-10,Mcd-00291big C Rajdamr,-8.98,EUR,CARD_PAYMENT,Revolut,,,50,12,2024
2024-12-10,SP-10075206141 Via Verde DD,-7.1,EUR,BANK_TRANSFER,Montepio,,,50,12,2024
2024-12-10,Big C Supercenter-ratd,-11.65,EUR,CARD_PAYMENT,Revolut,,,50,12,2024
2024-12-11,360 Sct-gaysorn Tower,-4.19,EUR,CARD_PAYMENT,Revolut,,,50,12,2024
2024-12-11,Xdt*bolt Support Servi,-1.55,EUR,CARD_PAYMENT,Revolut,,,50,12,2024
2024-12-12,X Corp. Paid Features,-7.74,EUR,CARD_PAYMENT,Revolut,,,50,12,2024
2024-12-12,Www.grab.com,-6.51,EUR,CARD_PAYMENT,Revolut,,,50,12,2024
2024-12-12,Radisson Blu Plaza Ban,-4.97,EUR,CARD_PAYMENT,Revolut,,,50,12,2024
2024-12-12,Dohop,-8.62,EUR,CARD_PAYMENT,Revolut,,,50,12,2024
2024-12-12,Easyjetk8lbsmk,-86.11,EUR,CARD_PAYMENT,Revolut,,,50,12,2024
2024-12-12,Easyjetk8lbsmf,-57.67,EUR,CARD_PAYMENT,Revolut,,,50,12,2024
2024-12-13,X Corp. Paid Features,-7.72,EUR,CARD_PAYMENT,Revolut,,,50,12,2024
2024-12-13,Apple.com,-0.99,EUR,CARD_PAYMENT,Revolut,,,50,12,2024
2024-12-13,Apple.com,-39.99,EUR,CARD_PAYMENT,Revolut,,,50,12,2024
2024-12-13,Www.grab.com,-5.58,EUR,CARD_PAYMENT,Revolut,,,50,12,2024
2024-12-14,PAGAMENTO TSU - TRANSFER NCIA,-284.95,EUR,BANK_TRANSFER,Montepio,,,50,12,2024
2024-12-14,Western Union,-154.99,EUR,CARD_PAYMENT,Revolut,,,50,12,2024
2024-12-14,Money added from WONDERBREEZE UNIPESSOAL LDA,1000.0,EUR,TOPUP,Revolut,,,50,12,2024
2024-12-14,Xdt*bolt Support Servi,-0.71,EUR,CARD_PAYMENT,Revolut,,,50,12,2024
2024-12-14,Xdt*bolt Support Servi,-1.04,EUR,CARD_PAYMENT,Revolut,,,50,12,2024
2024-12-15,Bolt,-48.46,EUR,CARD_PAYMENT,Revolut,,,50,12,2024
2024-12-16,Www.grab.com,-5.18,EUR,CARD_PAYMENT,Revolut,,,51,12,2024
2024-12-16,Www.grab.com,-50.92,EUR,CARD_PAYMENT,Revolut,,,51,12,2024
2024-12-16,Cheap Shoe,-83.89,EUR,CARD_PAYMENT,Revolut,,,51,12,2024
2024-12-16,Xdt*bolt Support Servi,-1.68,EUR,CARD_PAYMENT,Revolut,,,51,12,2024
2024-12-17,SP-10075206141 Via Verde DD,-5.9,EUR,BANK_TRANSFER,Montepio,,,51,12,2024
2024-12-17,Shang Hai Xiang Xue Ha,-16.88,EUR,CARD_PAYMENT,Revolut,,,51,12,2024
2024-12-17,Ums*yuzhilan,-14.13,EUR,CARD_PAYMENT,Revolut,,,51,12,2024
2024-12-17,P And S Thailand,-28.82,EUR,CARD_PAYMENT,Revolut,,,51,12,2024
2024-12-17,Www.grab.com,-6.86,EUR,CARD_PAYMENT,Revolut,,,51,12,2024
2024-12-17,Www.grab.com,-5.77,EUR,CARD_PAYMENT,Revolut,,,51,12,2024
2024-12-17,Xdt*bolt Support Servi,-1.63,EUR,CARD_PAYMENT,Revolut,,,51,12,2024
2024-12-17,Www.grab.com,-14.07,EUR,CARD_PAYMENT,Revolut,,,51,12,2024
2024-12-18,Pure Beak,-12.78,EUR,CARD_PAYMENT,Revolut,,,51,12,2024
2024-12-18,"Fast Rest Seixal A2,",-9.5,EUR,CARD_PAYMENT,Revolut,,,51,12,2024
2024-12-18,Relay Virgin Lisboa,-4.8,EUR,CARD_PAYMENT,Revolut,,,51,12,2024
2024-12-18,SP-10075206141 Via Verde DD,-1.14,EUR,BANK_TRANSFER,Montepio,,,51,12,2024
2024-12-19,COMPRA   BP DUARTE PACHECO,-4.8,EUR,BANK_TRANSFER,Montepio,,,51,12,2024
2024-12-19,Fatima Barros Unipessoal Lda,-25.0,EUR,"Alojamento, restauração e similares",E-fatura,2.88,22.12,51,12,2024
2024-12-19,Easyjet I,-7.87,EUR,CARD_PAYMENT,Revolut,,,51,12,2024
2024-12-19,Google*gsuite Bitnata.,-12.42,EUR,CARD_PAYMENT,Revolut,,,51,12,2024
2024-12-19,Easyjet,-58.0,EUR,CARD_PAYMENT,Revolut,,,51,12,2024
2024-12-19,COMPRA   REST A RODA,-12.5,EUR,BANK_TRANSFER,Montepio,,,51,12,2024
2024-12-19,Easyjet I,-3.5,EUR,CARD_PAYMENT,Revolut,,,51,12,2024
2024-12-20,"Fuelprime, Lda",-38.11,EUR,Outros,E-fatura,7.13,30.98,51,12,2024
2024-12-20,Bolt.eu,-4.58,EUR,CARD_PAYMENT,Revolut,,,51,12,2024
2024-12-21,Bolt.eu,-3.85,EUR,CARD_PAYMENT,Revolut,,,51,12,2024
2024-12-21,Bolt.eu,-4.25,EUR,CARD_PAYMENT,Revolut,,,51,12,2024
2024-12-21,Bolt.eu,-3.85,EUR,CARD_PAYMENT,Revolut,,,51,12,2024
2024-12-21,Bolt.eu,-4.25,EUR,CARD_PAYMENT,Revolut,,,51,12,2024
2024-12-21,TRF.IPS P/ CLOUDVISOR UAB,-308.49,EUR,BANK_TRANSFER,Montepio,,,51,12,2024
2024-12-22,Juan Carlos Parente Paradela,-15.0,EUR,"Alojamento, restauração e similares",E-fatura,1.73,13.27,51,12,2024
2024-12-23,COMPRA   Metropolitano de Lis,-1.8,EUR,BANK_TRANSFER,Montepio,,,52,12,2024
2024-12-24,João Augusto Matos Lourinho,-21.17,EUR,Other,E-fatura,2.44,18.73,52,12,2024
2024-12-24,Taxa da Revolut Business,-10.0,EUR,FEE,Revolut,,,52,12,2024
2024-12-26,"Cursor, Ai Powered Ide",-19.27,EUR,CARD_PAYMENT,Revolut,,,52,12,2024
2024-12-26,Spdad Soc Portuguesa de Distribuição de Artigos de Desporto Unipessoal Lda,-24.7,EUR,Other,E-fatura,4.62,20.08,52,12,2024
2024-12-30,TRF. ASSOCIAÇÃO EMPREENDEDORIS,-110.7,EUR,BANK_TRANSFER,Montepio,,,1,12,2024
2024-12-30,TRF. JOÃO PEDRO JESUS COSTA SA,-729.8,EUR,BANK_TRANSFER,Montepio,,,1,12,2024
2024-12-31,Lusoponte Concessionaria Para Travessia do Tejo Sa,-14.7,EUR,Outros,E-fatura,0.83,13.87,1,12,2024
2024-12-31,Bcr,-5.95,EUR,Outros,E-fatura,1.11,4.84,1,12,2024
2024-12-31,Via Verde Portugal,-1.14,EUR,Outros,E-fatura,0.21,0.93,1,12,2024
2024-12-31,SP-10075206141 Via Verde DD,-11.85,EUR,BANK_TRANSFER,Montepio,,,1,12,2024
